twitter_id,original_text,slug,party_slug,party_original,toxic_original,very_toxic_original,most_toxic_party,most_toxic_party_toxicity,most_verytoxic_party,most_verytoxic_party_toxicity,PARTIDO_toxic,PARTIDO_verytoxic
1349414720546201602,Unidas Podemos celebra la incorporaci√≥n de Espa√±a a Declaraci√≥n de Ambici√≥n 2025 contra la deforestaci√≥n https://t.co/CN2m33iuCh,juan-antonio-lopez-de-uralde-garmendia,podemos,Unidas Podemos,0.004642960615456104,0.0023323758505284786,VOX,0.005836299620568752,PODEMOS,0.002732306020334363,0.00584375998005271,0.0019859520252794027
1349638487188901889,"Desde Unidas Podemos planteamos que los cambios en el sistema el√©ctrico se introdujeran en la ley de cambio clim√°tico, pero quien tiene las competencias en materia de energ√≠a es el Ministerio de Transici√≥n Ecol√≥gica, y desgraciadamente se opusieron 

 üìª@RTPAOficial üëá https://t.co/9WZlxonATA",juan-antonio-lopez-de-uralde-garmendia,podemos,Unidas Podemos,0.26825401186943054,0.0008912477642297745,PP,0.3099328577518463,PP,0.001047565252520144,0.18346624076366425,0.0008889718446880579
1350149972356968448,"Despu√©s¬†de tener a la ley de dependencia agonizando una d√©cada, esto es lo que ocurre cuando llega Unidas Podemos al gobierno.

Por eso no paran de echarnos paladas de fango y fake news desde ciertos medios. Porque demostrar que s√≠ se pod√≠a les desmonta el discurso y el cortijo. https://t.co/52Vobxq02I",pablo-echenique-robba,podemos,Unidas Podemos,0.9490464329719543,0.005861366633325815,Vox,0.9506812691688538,Vox,0.0063426983542740345,0.8960936069488525,0.0034529506228864193
1351467214222856193,Unidas Podemos celebra la decisi√≥n del TC de declarar no urbanizable toda la Red Natura 2000 https://t.co/A0z3TY3AFK,juan-antonio-lopez-de-uralde-garmendia,podemos,Unidas Podemos,0.0061338841915130615,0.002058654325082898,Vox,0.008265377022325993,PP,0.0024290599394589663,0.00855819322168827,0.0017863970715552568
1351942082110365697,Unidas Podemos pide que se proh√≠ba la caza de t√≥rtolas europeas y codornices por el declive de sus poblaciones https://t.co/yDURYYQULG,juan-antonio-lopez-de-uralde-garmendia,podemos,Unidas Podemos,0.010398094542324543,0.0016235194634646177,Vox,0.02030605636537075,PODEMOS,0.0018212402937933803,0.016920369118452072,0.0012506298953667283
1354126034271162368,Endesa pertenece a una empresa p√∫blica (pero italiana). Y la Sociedad de Hidrocarburos de Euskadi es una empresa dependiente del Ente Vasco de la Energ√≠a. ¬øPor qu√© se echan las manos a la cabeza cuando desde Unidas Podemos defendemos una empresa p√∫blica de energ√≠a? ü§î https://t.co/0Qj27qciL8,juan-antonio-lopez-de-uralde-garmendia,podemos,Unidas Podemos,0.1163654699921608,0.0007804358028806746,VOX,0.19725927710533142,VOX,0.0010707577457651496,0.08345798403024673,0.0009429663186892867
1354152127598383110,Diputadas y diputados de Unidas Podemos nos hemos reunido con miembros de la candidatura de @UNESECUADOR para las elecciones del #Ecuador. Llamamos al respeto de todas las garant√≠as democr√°ticas. Todo nuestro apoyo a Ara√∫z-Rabascali para proseguir con la #Revoluci√≥nCiudadana. https://t.co/L0eAF9XA0W,enrique-fernando-santiago-romero,sin-partido,Unidas Podemos,0.009620431810617447,0.0012139162281528115,Unidas Podemos,0.009620431810617447,Ciudadanos,0.001435831538401544,0.006829903926700354,0.0014764807419851422
1357283967611863042,As√≠ ha dado hoy los buenos d√≠as la diputada de Unidas Podemos @luciadalda al partido de B√°rcenas. https://t.co/7AwHTw6Wk6,pablo-echenique-robba,podemos,Unidas Podemos,0.009764492511749268,0.0013525579124689102,PODEMOS,0.012829787097871304,Ciudadanos,0.0018841450801119208,0.006719497032463551,0.0018149691168218851
1357665462033743876,"üôåArranca la tramitaci√≥n de la ley clim√°tica con un incremento de sus objetivos, y tal y como propon√≠amos desde Unidas Podemos y PSOE, se reducir√°n las emisiones en un 39 % de aqu√≠ a 2030 üëáüëá

https://t.co/9GrVgEuMhF https://t.co/DFYrHSWhIO",juan-antonio-lopez-de-uralde-garmendia,podemos,Unidas Podemos,0.005814680829644203,0.0018978510051965714,VOX,0.006758746691048145,Ciudadanos,0.0023215848486870527,0.004577082581818104,0.002315119607374072
1358848234463059970,Que los brazos medi√°ticos de la derecha y de los poderes econ√≥micos ataquen mucho m√°s a Unidas Podemos que al partido mayoritario del Gobierno es muy significativo. Revela que saben que muchos avances se han dado y se dar√°n gracias a nuestro empe√±o. https://t.co/ZBD5hjyTDl https://t.co/ljwNgHRTEc,pablo-iglesias-turrion,,Unidas Podemos,0.9699165225028992,0.009897587820887566,Ciudadanos,0.9705908298492432,Ciudadanos,0.010023378767073154,0.968035101890564,0.008752873167395592
1359115841292406785,"Porque es una anomal√≠a democr√°tica que, en Espa√±a, a diferencia de otros pa√≠ses europeos, se condene a raperos, a titiriteros y a todo tipo de artistas por delitos dise√±ados durante la dictadura, hoy Unidas Podemos ha registrado nuestra ley para proteger la libertad de expresi√≥n. https://t.co/KZZSKRSsiQ",pablo-echenique-robba,podemos,Unidas Podemos,0.040424857288599014,0.0009224924724549055,PP,0.12069422751665115,Ciudadanos,0.0009278926881961524,0.055883053690195084,0.0008130229543894529
1361383650642845697,Unidas Podemos pide medidas para la zona afectada por el vertido en el r√≠o Barbadun (Bizkaia) y sancionar a Petronor https://t.co/qVdiWm9b12,juan-antonio-lopez-de-uralde-garmendia,podemos,Unidas Podemos,0.008352097123861313,0.0014017645735293627,Vox,0.013174640014767647,Cs,0.0016548455459997058,0.011427659541368484,0.0012007978511974216
1364673976920903687,"Tras conocer la hospitalizaci√≥n de @PabloEchenique, deseo una pronta recuperaci√≥n al portavoz parlamentario de Unidas Podemos. Mucho √°nimo.",,,Unidas Podemos,0.007321770302951336,0.002368758199736476,Cs,0.01013281662017107,PSOE,0.0026928395964205265,0.006431304384022951,0.003081728471443057
1365030585610211332,"El derecho a una vivienda digna no tiene peros. Hoy Unidas Podemos hemos reafirmado nuestro compromiso a regular el precio del alquiler. üëá
https://t.co/cpGVHh3UE9",jaume-asens-llodra,catalunya-en-comu,Unidas Podemos,0.007467048708349466,0.001612953026778996,VOX,0.007496724836528301,PODEMOS,0.0019817641004920006,0.008954578079283237,0.0014618210261687636
1365323514778058755,"""Los ataques de los que somos objeto est√°n teniendo como consecuencia que haya millones de ciudadanos que asumen que la mentira para hacer pol√≠tica contra Unidas Podemos forma parte de la parrilla televisiva"".
https://t.co/2K9Y4CILBW",maria-marquez-guerrero,,Unidas Podemos,0.9878559708595276,0.03286232426762581,Unidas Podemos,0.9878559708595276,Unidas Podemos,0.03286232426762581,0.9022573828697205,0.0037288919556885958
1366399746789822464,"Blanquear a la ultraderecha y al nazismo mientras se despide a quien escribi√≥ una verdad sobre la monarqu√≠a no es servicio p√∫blico ni garantiza una informaci√≥n veraz. Las cosas por su nombre. 

@SofCastanon ha registrado esta pregunta en nombre de Unidas Podemos. https://t.co/NRTcIogPcE",jaume-asens-llodra,catalunya-en-comu,Unidas Podemos,0.6491100788116455,0.00129684095736593,Cs,0.69344162940979,Partido popular,0.0016626684227958322,0.6775890588760376,0.0015947547508403659
1369931044485533696,"Por cierto, mientras la (ultra)derecha se apu√±alaba ayer en Murcia y Madrid, la Ministra Yolanda D√≠az de Unidas Podemos acordaba con los agentes sociales devolver sus derechos laborales a 'riders' y otros falsos aut√≥nomos.

""Todos son iguales."" Di que s√≠. https://t.co/SRxL3bIHnP",pablo-echenique-robba,podemos,Unidas Podemos,0.9801867604255676,0.014560209587216377,VOX,0.9905587434768677,VOX,0.042462803423404694,0.9848169684410095,0.020977990701794624
1370389094220578827,Unidas Podemos propone incluir a la t√≥rtola en el Cat√°logo Espa√±ol de Especies Amenazadas en situaci√≥n vulnerable https://t.co/9Dy09OQFGe,juan-antonio-lopez-de-uralde-garmendia,podemos,Unidas Podemos,0.0094254519790411,0.0013018202735111117,VOX,0.023682134225964546,Partido popular,0.0017258435254916549,0.00985301099717617,0.001269083353690803
1371776269839343617,"Con la decisi√≥n de @PabloIglesias de presentarse como candidato de Unidas Podemos a la Comunidad de Madrid, estamos ante la posibilidad real de ganar, por primera vez en mucho tiempo, a la derecha.

Hoy he hablado de ello en @ondavasca https://t.co/5OY95A5mz7",juan-antonio-lopez-de-uralde-garmendia,podemos,Unidas Podemos,0.005462191067636013,0.0016360203735530376,Unidas Podemos,0.005462191067636013,Partido popular,0.0017839870415627956,0.004878435283899307,0.0017207609489560127
1375426194246602759,Le propusimos a √Ångel Hern√°ndez que fuera en la lista de Unidas Podemos a la Comunidad de Madrid. Esta ha sido su respuesta. Esc√∫chenle hasta el final üëá https://t.co/f6TymwLvkX,pablo-iglesias-turrion,,Unidas Podemos,0.018360666930675507,0.0009194306330755353,VOX,0.03243696689605713,Partido popular,0.0009467088966630399,0.019175492227077484,0.0008769872365519404
1375468354383835139,"√Ångel Hern√°ndez ayud√≥ a morir a su compa√±era, sabiendo que lo imputar√≠an y lo hizo p√∫blico como una manera de luchar por el derecho a la eutanasia.

Le propusimos sumarse a la lista de Unidas Podemos para Madrid y su respuesta fue pura dignidad. Esc√∫chale. https://t.co/SRKf26tnyP",pablo-echenique-robba,podemos,Unidas Podemos,0.030312202870845795,0.0009164232760667801,PODEMOS,0.060648832470178604,Cs,0.0011470566969364882,0.0128013975918293,0.001223320490680635
1376452846657409025,"Te dijeron que no se pod√≠a romper el bipartidismo ni acudir a las elecciones sin cr√©ditos bancarios, que no se pod√≠a subir el SMI, que Unidas Podemos no pod√≠a gobernar.

Ahora te dir√°n que no se puede echar a Ayuso.

S√∫mate al equipo porque¬†#HayPartido üëâ https://t.co/QGKFzia17h https://t.co/1HgzDkpN5d",pablo-echenique-robba,podemos,Unidas Podemos,0.06265033036470413,0.0007161620305851102,Vox,0.06467582285404205,Partido popular,0.000869513547513634,0.020888470113277435,0.0008453251211903989
1376896552455790595,"A Iglesias no le va a echar de menos ni S√°nchez. Pero Unidas Podemos sigue en el Gobierno e Iglesias intentar√° mandar en la sombra.

Desde el PP, con @pablocasado_ al frente, continuaremos ejerciendo una oposici√≥n firme y responsable en defensa del inter√©s general. https://t.co/WDn9mCZQ7b",pablo-montesinos-aguayo,partido-popular,Unidas Podemos,0.5778496265411377,0.0013821739703416824,PODEMOS,0.7834096550941467,PODEMOS,0.0019828302320092916,0.2725299000740051,0.000871232827194035
1376935338166398982,Unidas Podemos pide al Gobierno permeabilizar las presas del Bajo Guadalquivir para recuperar biodiversidad https://t.co/bmElzU5pbu,juan-antonio-lopez-de-uralde-garmendia,podemos,Unidas Podemos,0.004709894768893719,0.002256853971630335,Vox,0.005572527181357145,Ciudadanos,0.0026954878121614456,0.004946493078023195,0.002268007257953286
1376936449946357760,"Tremendo como informa la @COPE sobre la agresi√≥n de un grupo de fascistas a gente de Unidas Podemos que visitaba una asociaci√≥n de vecinos en Coslada...la Cope convierte a Pablo Iglesias en el sujeto agresor, diciendo que ‚Äúincrepa‚Äù a los fascistas. Es surrealista todo. https://t.co/rY3XLAxdSv",juan-antonio-lopez-de-uralde-garmendia,podemos,Unidas Podemos,0.9907649755477905,0.05173299461603165,PODEMOS,0.991401731967926,PODEMOS,0.06447166949510574,0.9819861650466919,0.020097386091947556
1377192704883490817,"En el #DiaVisibilidadTrans recordamos que tenemos una deuda pendiente con este colectivo. La ley trans es un compromiso de Unidas Podemos para acabar con la discriminaci√≥n que impide a alguien ser quien es. 
üëâüèΩ https://t.co/GNoX7NKCco https://t.co/m8fO6wI02k",jaume-asens-llodra,catalunya-en-comu,Unidas Podemos,0.0066067553125321865,0.0017133940709754825,Vox,0.00953477993607521,Ciudadanos,0.0020759187173098326,0.005412030965089798,0.0018700252985581756
1378319998200987648,"Es un orgullo contar con @Serigne_Mbaye_ en la candidatura de Unidas Podemos para ganar la Comunidad de Madrid. 

Tus palabras son el horizonte que debemos marcarnos: ‚ÄúSomos parte de esa clase obrera que necesita que muchas cosas cambien en Madrid‚Äù.
https://t.co/vAz5laptZm https://t.co/VCkwEwzH15",irene-maria-montero-gil,podemos,Unidas Podemos,0.004763199482113123,0.002169135259464383,Vox,0.004845825955271721,Ciudadanos,0.0024524470791220665,0.004196925088763237,0.0024244943633675575
1379408180757864452,"‚ÄúEl tratamiento (‚Ä¶) en los 'Telediarios' a Unidas Podemos es equiparable a los peores momentos de manipulaci√≥n informativa que el PP impuso en los que fueron los peores a√±os para la libertad del periodismo‚Äù. 
üëáüèΩ
Esto lo dicen trabajadores/as de @rtve.
https://t.co/6OEqll8ro6",jaume-asens-llodra,catalunya-en-comu,Unidas Podemos,0.9375326633453369,0.004633431322872639,Unidas Podemos,0.9375326633453369,Unidas Podemos,0.004633431322872639,0.7261399030685425,0.0016316593391820788
1379485848006225922,"El Congreso, gracias a una iniciativa de Unidas Podemos @PodemosEuskadi_ insta al Gobierno a adoptar medidas frente destrucci√≥n de empleo en el sector aeron√°utico de √Ålava https://t.co/x2mER8ExJ9 v√≠a @epeuskadi",juan-antonio-lopez-de-uralde-garmendia,podemos,Unidas Podemos,0.005300250835716724,0.0016900524497032166,Vox,0.005398217123001814,Ciudadanos,0.0019990107975900173,0.0046205599792301655,0.0019169505685567856
1379520496115580931,"Los informativos de @radio_vitoria se hacen eco de la iniciativa de Unidas Podemos en defensa del empleo en el sector aeron√°utico de #Alava #Araba, aprobada esta tarde en el Congreso üëáüèΩ https://t.co/RYwLSiUNBU",juan-antonio-lopez-de-uralde-garmendia,podemos,Unidas Podemos,0.0045075793750584126,0.002036650897935033,VOX,0.00552812684327364,Ciudadanos,0.0022856276482343674,0.004523290786892176,0.0020668080542236567
1380066376191250432,"Primero fue el Pa√≠s Vasco: m√°s de 200.000 vascos tuvieron que abandonar su tierra.
Despu√©s fue Catalu√±a: la sinraz√≥n secesionista apelando a la violencia.
Ahora van por Madrid.
Y los ministros de Unidas Podemos siguen hoy en sus puestos sin condenar las agresiones de Vallecas. https://t.co/PEH9pzFJmW",mario-garces-sanagustin,partido-popular,Unidas Podemos,0.9656931161880493,0.009368211030960083,VOX,0.9892820119857788,VOX,0.0559103786945343,0.9637936353683472,0.009438117034733295
1380431212435677184,"Pablo Iglesias es el candidato de Unidas Podemos a la Comunidad de Madrid. Le acaban de hacer una entrevista de casi media hora en @La1_tve. ¬øSabes cu√°ntas preguntas ha habido sobre nuestras propuestas? CERO.

Luego dir√°n en las tertulias: ""is qui ninqui hiblin di lis pripistis"".",pablo-echenique-robba,podemos,Unidas Podemos,0.9842596650123596,0.02643764764070511,Unidas Podemos,0.9842596650123596,Unidas Podemos,0.02643764764070511,0.9787546992301941,0.01894749328494072
1383339636894834689,"A las 11h estar√© con @agarzon, @isaserras, @jesussantosalc, @AleJacintoUrang, @VaneLillo y otros candidatos de Unidas Podemos en Alcal√° de Henares.

üìΩ Podr√©is seguir el acto en directo aqu√≠: https://t.co/Qni9ILUpXm",pablo-iglesias-turrion,,Unidas Podemos,0.005197056569159031,0.002007152419537306,Unidas Podemos,0.005197056569159031,Partido popular,0.002618249971419573,0.004153098911046982,0.0026739961467683315
1383840893329805320,"Para darle la vuelta a 26 a√±os de privatizaciones y corrupci√≥n en Madrid hay que plantar cara a la derecha y la ultraderecha con firmeza y con un proyecto claro de reconstrucci√≥n de los servicios p√∫blicos, la justicia fiscal y la igualdad. Eso es lo que aporta Unidas Podemos. https://t.co/s9d6CsWru7",pablo-iglesias-turrion,,Unidas Podemos,0.26192569732666016,0.0008736885502003133,VOX,0.44450879096984863,VOX,0.001076561282388866,0.08090250939130783,0.0007301101577468216
1384070267945689092,"üìΩ No os perd√°is 'T√∫ decides', de @danielguzman. Es el primero de una serie de cortos creados por un grupo de profesionales de la cultura que se han juntado para apoyar la campa√±a de Unidas Podemos en la Comunidad de Madrid. Habr√° m√°s sorpresas. #QueHableLaMayoria https://t.co/MY4bjc5Awa",pablo-iglesias-turrion,,Unidas Podemos,0.004805766977369785,0.0018332989420741796,VOX,0.004944209940731525,Ciudadanos,0.002129553584381938,0.004146239720284939,0.002094506984576583
1384431904951255040,"En unos minutos, @PabloIglesias presenta el #ProgramaParaLaMayor√≠a de Unidas Podemos. Medidas ambiciosas que¬†se¬†financiar√°n quitando privilegios fiscales a los que m√°s tienen y que son m√°s que promesas porque nosotros no estamos en venta.

En directo üëâüèº https://t.co/O1lVjEJgLg",pablo-echenique-robba,podemos,Unidas Podemos,0.03066660836338997,0.0007350802188739181,Unidas Podemos,0.03066660836338997,Partido popular,0.0009415478562004864,0.017765764147043228,0.0008732715505175292
1385164850847010820,"El #4M ser√° un d√≠a laborable, pero tienes derecho a ir a votar aunque trabajes.

Si tu jefe no te permite ir al colegio electoral, puede estar incumpliendo la ley.

En Unidas Podemos hemos abierto un buz√≥n para asesorarte si te ocurre:
mijefenomedejavotar@unidaspodemos.info",ione-belarra-urteaga,unidas-podemos,Unidas Podemos,0.015281048603355885,0.0010397909209132195,PSOE,0.01822592318058014,Ciudadanos,0.0011037703370675445,0.014039725996553898,0.001085130963474512
1385716588742066180,El odio contra Pablo Iglesias y Unidas Podemos no se ha fabricado solo https://t.co/hUzeUXZ51Y,pedro-antonio-honrubia-hurtado,podemos,Unidas Podemos,0.9561991691589355,0.006863221991807222,Unidas Podemos,0.9561991691589355,Unidas Podemos,0.006863221991807222,0.9558571577072144,0.007366442587226629
1385952588026294272,"Ma√±ana a las 17h30 estar√© en Fuenlabrada con las compa√±eras de Unidas Podemos que devolver√°n Madrid para su gente.

Si el Madrid feminista sale a votar este 4M, tendremos un Gobierno de coalici√≥n para nuestra Comunidad.

¬°S√≠ se puede! üíú https://t.co/P89aMufAuT",irene-maria-montero-gil,podemos,Unidas Podemos,0.12453411519527435,0.0008066484006121755,VOX,0.14383158087730408,Cs,0.0008579324930906296,0.05116108059883118,0.0008357226615771651
1389494195526721538,"PP, PSOE, Ciudadanos y Unidas Podemos apuestan por la Agenda 2030 como hoja de ruta para las pol√≠ticas p√∫blicas - Futuro en Com√∫n https://t.co/WjiFmYnSlM",cristina-alicia-esteban-calonje,vox,Unidas Podemos,0.008371744304895401,0.0014456001808866858,Vox,0.00986256543546915,PSOE,0.0018001965945586562,0.006029951851814985,0.0017744468059390783
1389502393470136326,"Miles de gracias hoy a l@s apoderad@s de Unidas Podemos que est√°is cuidando la democracia.

Y recordad. Hoy represent√°is la dignidad y la educaci√≥n de la gente trabajadora. Si alg√∫n ultraderechista intenta generar violencia, no entr√©is en sus provocaciones. #4MQueHableLaMayor√≠a",pablo-echenique-robba,podemos,Unidas Podemos,0.8722240924835205,0.0036308150738477707,PSOE,0.9457185864448547,PP,0.008083947002887726,0.7657014727592468,0.0028304550796747208
1392139287735541765,"Mientras otros meten ruido y envenenan el debate p√∫blico, Unidas Podemos mejora la vida de la gente.

Tres ejemplos s√≥lo esta semana:

- RDL para dar derechos a los 'riders'
- Reforma constitucional para las personas con discapacidad
- Ley de cambio clim√°tico

Aqu√≠ lo explico üëáüèº https://t.co/eD3rq1vBxD",pablo-echenique-robba,podemos,Unidas Podemos,0.0365896001458168,0.0008697647135704756,VOX,0.5432870984077454,VOX,0.0011311630951240659,0.2190643846988678,0.0008395310724154115
1392925335633735681,"Una nueva fase en Unidas Podemos. Una fuerza pol√≠tica de izquierdas, ecologista, feminista y de gobierno. ‚úäüîª https://t.co/Exa0paWilI",alberto-garzon-espinosa,izquierda-unida,Unidas Podemos,0.0056114038452506065,0.0018082346068695188,PSOE,0.005870501510798931,Ciudadanos,0.0020237802527844906,0.004647932946681976,0.0021683829836547375
1393187986800586754,"‚ÄºÔ∏èPalestina: detener la violencia pasa por actuar para cumplir el derecho internacional. 

üó£Comunicado del Grupo Confederal de Unidas Podemos- ECP-GeC https://t.co/ZGX51tAZq6",lucia-munoz-dalda,podemos,Unidas Podemos,0.005963238887488842,0.001752651878632605,Vox,0.008147932589054108,Ciudadanos,0.002166023710742593,0.005246578250080347,0.0018582730554044247
1396018315852754947,"En el #DiaDelaBiodiversidad desde Unidas Podemos pedimos al Gobierno que promueva la renaturalizaci√≥n de los tramos urbanos de los r√≠os. Las ciudades renaturalizadas resisten mejor el cambio clim√°tico. 
#DiaMundialdelaBiodiversidad
#SinBiodiversidadNohayVida https://t.co/SEKLSrzoLO",juan-antonio-lopez-de-uralde-garmendia,podemos,Unidas Podemos,0.004669049754738808,0.0023652934469282627,Unidas Podemos,0.004669049754738808,Ciudadanos,0.0027280196081846952,0.004465852398425341,0.002460958668962121
1396904415349649413,En Unidas Podemos hacemos pol√≠ticas verdes todos los d√≠as con muchas iniciativas ecologistas en @Congreso_Es. Hoy hemos sacado adelante esta üëâüèΩ El Congreso aprueba una proposici√≥n de ley para reducir los atropellos de fauna salvaje https://t.co/Bg1ZDPfyKt v√≠a @efeverde,juan-antonio-lopez-de-uralde-garmendia,podemos,Unidas Podemos,0.004595207050442696,0.0024271104484796524,PP,0.005420119967311621,Partido popular,0.0025542937219142914,0.004518026486039162,0.0025451797991991043
1397572917446291464,"üëèüëèHoy estamos de enhorabuena, porque con la declaraci√≥n del Parque Nacional de la Sierra de las Nieves se ampl√≠a la red de parques nacionales del Estado üå≥

Desde Unidas Podemos vamos a seguir trabajando para conseguir una futura ampliaci√≥n que incluya la Sierra Bermeja üìπüëá https://t.co/ZyQ3oDhlJ8",juan-antonio-lopez-de-uralde-garmendia,podemos,Unidas Podemos,0.0045430418103933334,0.002475707558915019,Unidas Podemos,0.0045430418103933334,Ciudadanos,0.0032846606336534023,0.004013619851320982,0.0029258080758154392
1398709169667153924,El gobierno de coalici√≥n tiene dos obligaciones: llevar a cabo una transici√≥n ecol√≥gica valiente y que √©sta sea justa socialmente. No se puede proteger al planeta sin proteger a las personas y viceversa. En Unidas Podemos lo tenemos claro. https://t.co/BF7Io9xIEZ,pablo-echenique-robba,podemos,Unidas Podemos,0.00569688156247139,0.0019986042752861977,VOX,0.007944989018142223,Ciudadanos,0.0022353341337293386,0.006037610583007336,0.0020645640324801207
1402591053744685058,"Hoy el PP y VOX han venido a la #SesionDeControl otra vez con la cantinela de que su reforma laboral fue maravillosa. Aqu√≠ est√°n los datos. 

Con el PP tardamos 10 a√±os y 11 meses en recuperar el nivel pre-crisis de afiliaci√≥n a la Seguridad Social. 

Con Unidas Podemos, 15 meses https://t.co/vQw1qQnzZK",lucia-munoz-dalda,podemos,Unidas Podemos,0.25006115436553955,0.0008054245263338089,Unidas Podemos,0.25006115436553955,Unidas Podemos,0.0008054245263338089,0.02945132367312908,0.0007981779053807259
1402639722564968450,"‚ÄºÔ∏èLos datos hablan por s√≠ solos

En la crisis financiera que gestion√≥ el PP, necesitamos 11 a√±os para recuperar cifras anteriores. Fue con recortes y corrupci√≥n

En la crisis COVID, gestionada por Unidas Podemos, lo hemos hecho en 15 meses y con derechos laborales y m√°s empleoüëá https://t.co/T9jDEPVmGW",joan-mena-arca,catalunya-en-comu,Unidas Podemos,0.03556755930185318,0.0007158975931815803,VOX,0.08917158097028732,PSOE,0.0009399961563758552,0.011939478106796741,0.00102682423312217
1402928712929132544,"Enhorabuena a @juralde y a todo su equipo por #AlianzaVerde

Un nuevo espacio en Unidas Podemos que pondr√° toda su experiencia y energ√≠a en alcanzar las pol√≠ticas verdes que nuestro pa√≠s necesita.

Mucha suerte compa√±eros y compa√±eras. https://t.co/fTDXBj7uxH",ione-belarra-urteaga,unidas-podemos,Unidas Podemos,0.0036184899508953094,0.0027859769761562347,PP,0.0038454397581517696,Ciudadanos,0.003133340273052454,0.0034714755602180958,0.0029665569309145212
1402933584093138947,"Hoy nace #AlianzaVerde, un nuevo espacio verde de Unidas Podemos compuesto por personas que llevan toda la vida en la lucha ecologista como @juralde. Un equipazo lleno de conocimiento y experiencia para garantizar un futuro respetuoso con la naturaleza. 
https://t.co/Vpu1stcstT",lucia-munoz-dalda,podemos,Unidas Podemos,0.004211380612105131,0.0024782114196568727,PP,0.004455563612282276,Ciudadanos,0.002832529367879033,0.0036503265146166086,0.0028273933567106724
1404788503578357760,"Hoy desde Unidas Podemos presentamos en el Congreso la #LeyLibertadDeExpresi√≥n, para blindar el ejercicio de este derecho fundamental.

Nunca m√°s artistas y voces cr√≠ticas en prisi√≥n por expresar su opini√≥n.

 #LeyLibertadDeExpresi√≥n https://t.co/jAfLiyXfhV",juan-antonio-lopez-de-uralde-garmendia,podemos,Unidas Podemos,0.9122220873832703,0.003454660763964057,VOX,0.9242439270019531,VOX,0.004409462213516235,0.8132919669151306,0.002124588005244732
1404793681371090945,"Hoy se debate y se vota en el Congreso la #LeyLibertadDeExpresi√≥n de Unidas Podemos para que opinar, hacer teatro, c√≥mics o cantar deje de ser delito penal y Espa√±a se parezca m√°s a Europa y menos a Turqu√≠a.

Adivina qu√© van a votar los ""liberales"" del PP. https://t.co/IYOyZHhYhK",pablo-echenique-robba,podemos,Unidas Podemos,0.8973470330238342,0.0030222851783037186,VOX,0.9335525035858154,VOX,0.004452159162610769,0.790158748626709,0.002081667771562934
1405136775698423808,PSOE y Unidas Podemos acuerdan congelar los contratos de alquiler en zonas tensionadas https://t.co/WYJpyTyqIm,arnau-ramirez-carner,psoe,Unidas Podemos,0.01859581097960472,0.000971555185969919,Vox,0.037039659917354584,Ciudadanos,0.0011578039266169071,0.01437515951693058,0.0012256450718268752
1405139328267870214,"Un cambio de marco muy importante. Por primera vez el PSOE reconoce que hay que limitar las subidas abusivas en el precio de los alquileres. 
Algo que no hubiera sido posible sin la perseverancia de Unidas Podemos y de la Ministra @ionebelarra 

https://t.co/bp0UhSOARO",javier-sanchez-serna,podemos,Unidas Podemos,0.01135809812694788,0.001046891207806766,VOX,0.05257624387741089,PSOE,0.0013042750069871545,0.007520098704844713,0.0013308890629559755
1405518428266393603,"El Congreso aprueba promover la renaturalizaci√≥n de los tramos urbanos de los r√≠os, una iniciativa promovida por Unidas Podemos @AlianzaVerde_ que redundar√° en la calidad de vida de las ciudades, y su resiliencia frente al cambio clim√°tico https://t.co/2HzSnqrJXH",juan-antonio-lopez-de-uralde-garmendia,podemos,Unidas Podemos,0.004800084512680769,0.0028278478421270847,PODEMOS,0.004832030739635229,Ciudadanos,0.0036136845592409372,0.0045447140000760555,0.0033620046451687813
1406938569495678977,"Hace no tanto tiempo, Unidas Podemos √©ramos los √∫nicos que defend√≠amos la necesidad de los indultos.

Es una buena noticia para Catalunya y para Espa√±a que hoy ya no estemos solos y empecemos a caminar la v√≠a de la pol√≠tica, dejando atr√°s la judicializaci√≥n y el ""a por ellos"".",pablo-echenique-robba,podemos,Unidas Podemos,0.025032414123415947,0.0009557760204188526,VOX,0.06105366721749306,Ciudadanos,0.0010675787925720215,0.022750990465283394,0.0009054524707607925
1408367431639310337,La sentencia europea sobre la extracci√≥n ilegal de agua en Do√±ana debe marcar un punto de inflexi√≥n üëâüèΩ Unidas Podemos @AlianzaVerde_ exige acelerar medidas contra la extracci√≥n ilegal de agua en Do√±ana https://t.co/m429eW5MGk,juan-antonio-lopez-de-uralde-garmendia,podemos,Unidas Podemos,0.0067202323116362095,0.0016165176639333367,Vox,0.007163533940911293,Ciudadanos,0.0018525224877521396,0.00585909141227603,0.0017236891435459256
1408485587888267268,"Mariano Rajoy aument√≥ el IVA de las peluquer√≠as al 21%. Este gobierno debe volver a bajarlo al tipo reducido del 10% porque son un servicio b√°sico. Desde Unidas Podemos, trabajaremos para que as√≠ sea, si hace falta en los Presupuestos Generales del Estado.",pablo-echenique-robba,podemos,Unidas Podemos,0.01576010324060917,0.001059227273799479,PP,0.016027042642235756,Ciudadanos,0.001345350407063961,0.010322023183107376,0.0013419125461950898
1409911625126133762,"üåéüôåDesde Unidas Podemos llevamos mucho tiempo trabajando e impulsando las pol√≠ticas verdes. Por eso, hemos decidido darles mucha m√°s prioridad, no s√≥lo a nivel pol√≠tico, sino tambi√©n a nivel medi√°tico. https://t.co/AlaATRDAIS",juan-antonio-lopez-de-uralde-garmendia,podemos,Unidas Podemos,0.007821526378393173,0.0013414103304967284,Unidas Podemos,0.007821526378393173,PODEMOS,0.0018484636675566435,0.005045935977250338,0.0019185085548087955
1412479103127769088,"Esta legislatura estamos iniciando una reforma de la legislaci√≥n ambiental, imprescindible para hacer frente a la crisis ecol√≥gica. Ya hemos aprobado la ley de cambio clim√°tico, pero seguimos avanzando. 

üé•Hemos hecho balance los tres diputados vascos de Unidas Podemos üëáüèª https://t.co/NhvzOIL495",juan-antonio-lopez-de-uralde-garmendia,podemos,Unidas Podemos,0.005359123460948467,0.002112662186846137,VOX,0.00591185363009572,Partido popular,0.002490762621164322,0.0046547697857022285,0.0025266921147704124
1413135505638576135,Esta ma√±ana en Sevilla hemos tenido una jornada de trabajo de la Mesa Confederal con @PODEMOS @IzquierdaUnida y @AlianzaVerde_ para consolidar nuestras propuestas pol√≠ticas  en el espacio de Unidas Podemos. https://t.co/ROiBGBqiHD,juan-antonio-lopez-de-uralde-garmendia,podemos,Unidas Podemos,0.003977468702942133,0.0024442982394248247,PP,0.004694988485425711,Ciudadanos,0.002597637241706252,0.0035954248160123825,0.002713100053369999
1413864373139947523,Unidas Podemos sale reforzada tras la crisis de gobierno  üëâüèΩ ‚Å¶@Yolanda_Diaz_‚Å© pasa a VP Segunda y Podemos mantiene sus cuotas de poder tras la crisis de Gobierno.  https://t.co/gKpmEa728K,juan-antonio-lopez-de-uralde-garmendia,podemos,Unidas Podemos,0.021355660632252693,0.0009430808131583035,Vox,0.0562710240483284,PODEMOS,0.0009528564987704158,0.01115923561155796,0.001095748390071094
1415257729489321987,"üì∫Hoy he estado en @La7_tv explicando la propuesta de Unidas Podemos para crear el Parque Regional del Mar Menor. Una medida que permitir√≠a detener de manera definitiva los vertidos de nitratos y recuperar un ecosistema muy da√±ado.

#SOSMarMenor
#ParqueRegional https://t.co/leP8EBrio3",javier-sanchez-serna,podemos,Unidas Podemos,0.0040773265063762665,0.0024780663661658764,VOX,0.00411340082064271,Ciudadanos,0.0028776293620467186,0.003666844917461276,0.0028721485286951065
1415564660993138689,Art√≠culo 5 de la Constituci√≥n cubana. S√°nchez niega la condici√≥n de dictadura y una iletrada de Unidas Podemos dice que Cuba no es comunista. Deber√≠a existir el delito de lesa ignorancia. https://t.co/gETqCfKYBd,mario-garces-sanagustin,partido-popular,Unidas Podemos,0.9946617484092712,0.9931386113166809,Unidas Podemos,0.9946617484092712,Vox,0.9942861199378967,0.9931729435920715,0.9933112859725952
1419255055849594881,"Creo que nunca ocurrir√° porque la vuelta al bipartidismo ser√≠a un enorme retroceso para la pol√≠tica espa√±ola. Hay que reforzar Unidas Podemos üëâüèΩ Volver al bipartidismo: el objetivo com√∫n de S√°nchez y Casado para el nuevo ciclo pol√≠tico

https://t.co/tkmjRPwsXX",juan-antonio-lopez-de-uralde-garmendia,podemos,Unidas Podemos,0.011715386062860489,0.001094725914299488,VOX,0.03387758135795593,Unidas Podemos,0.001094725914299488,0.013292623683810234,0.0009420206770300865
1419573075859881986,"El diario de Villarejo revela que la brigada pol√≠tica del PP atac√≥ a Podemos desde su irrupci√≥n. En este contexto tan complicado, el hecho de que Unidas Podemos siga ah√≠ tiene un m√©rito superior, porque llevan a√±os de guerra sucia para destruirnos.  https://t.co/qQP8bnzcLj",juan-antonio-lopez-de-uralde-garmendia,podemos,Unidas Podemos,0.9841519594192505,0.023881500586867332,PODEMOS,0.9903765320777893,PODEMOS,0.0532059520483017,0.9815913438796997,0.018754743039608
1419970540031418381,"Desde Unidas Podemos proponemos que el Gobierno recupere las concesiones hidroel√©ctricas que vayan venciendo, y se constituya una empresa p√∫blica de energ√≠a, para tener mayor capacidad p√∫blica de influir en los precios en beneficio del consumidor.  https://t.co/7Iyn6RMKpY",juan-antonio-lopez-de-uralde-garmendia,podemos,Unidas Podemos,0.007752785459160805,0.0014379358617588878,Unidas Podemos,0.007752785459160805,Ciudadanos,0.0015631670830771327,0.007057888433337212,0.0015439456328749657
1421115866201001989,"Comienza la negociaci√≥n de los PGE del a√±o 2022 entre Unidas Podemos y el PSOE.

Necesitamos avanzar con pasos firmes hacia una reconstrucci√≥n feminista, verde y justa de nuestro pa√≠s. 

Un impuesto m√≠nimo a empresas del 15%, la vivienda o las libertades p√∫blicas van a ser clave.",ione-belarra-urteaga,unidas-podemos,Unidas Podemos,0.007334538269788027,0.0015702320961281657,VOX,0.01247401162981987,Ciudadanos,0.001792017719708383,0.006392166018486023,0.0016594304470345378
1421778504752979971,"Tenemos que tener una atenci√≥n primaria tambi√©n para la salud mental que ayude a la prevenci√≥n, sobre todo en los m√°s j√≥venes. La #LeySaludMental que est√° impulsando Unidas Podemos tiene que ser una realidad lo antes posible. https://t.co/bOQTMILgl2",ione-belarra-urteaga,unidas-podemos,Unidas Podemos,0.011168536730110645,0.0012384116416797042,PP,0.014478016644716263,Cs,0.0021778906229883432,0.006947202142328024,0.001613532193005085
1432375381760282627,"La Vicepresidenta Tercera acaba de decir dos cosas en el Congreso:

1. Que descarta intervenir el mercado el√©ctrico como propone Unidas Podemos porque no es compatible con la normativa europea.

2. Que estudia modificar la tarifa PVPC para ""estabilizarla"".

Hilo üßµüëá",pablo-echenique-robba,podemos,Unidas Podemos,0.09194868803024292,0.000652504968456924,Vox,0.15840494632720947,Ciudadanos,0.0007655946537852287,0.04245719313621521,0.0006969456444494426
1433813387226517517,Unidas Podemos conf√≠a en que la creaci√≥n de una empresa p√∫blica energ√©tica saldr√° adelante https://t.co/S5eJP3HAkQ,juan-antonio-lopez-de-uralde-garmendia,podemos,Unidas Podemos,0.006187137681990862,0.0017617320409044623,PP,0.00649991724640131,PODEMOS,0.0021957315038889647,0.006261544767767191,0.0017604595050215721
1437388708823568384,"Despu√©s de varias semanas de negociaciones, ya est√°n claras las posturas sobre el salario m√≠nimo: La patronal quiere congelarlo. Los sindicatos y Unidas Podemos queremos subirlo. Ahora le toca decidir a la parte mayoritaria del gobierno. Clar√≠sima @Yolanda_Diaz_ üëá https://t.co/JA7lzzbbhF",pablo-echenique-robba,podemos,Unidas Podemos,0.04987826570868492,0.0008785630343481898,VOX,0.05809227377176285,Ciudadanos,0.0009840206475928426,0.026551855728030205,0.0009934547124430537
1438099056560115715,"Unidas Podemos propone la reforma de la Ley de Montes para establecer la prohibici√≥n expresa de cambio del uso del suelo 
 https://t.co/3oKhiKjwRJ",juan-antonio-lopez-de-uralde-garmendia,podemos,Unidas Podemos,0.007189852185547352,0.0018450130010023713,Unidas Podemos,0.007189852185547352,PODEMOS,0.002253357321023941,0.006380709353834391,0.001860524294897914
1438592442945658887,El CIS recoge una subida de PSOE y Unidas Podemos y un desplome del PP en el inicio del curso pol√≠tico https://t.co/WhrzI2R3as,maria-angeles-marra-dominguez,psoe,Unidas Podemos,0.0355193056166172,0.0008953489596024156,VOX,0.03614304959774017,Cs,0.0011404998367652297,0.013592240400612354,0.0011096489615738392
1439250950758223878,"Pues si, !Un respeto a Unidas Podemos ¬° https://t.co/jKJTrTFIUh",juan-antonio-lopez-de-uralde-garmendia,podemos,Unidas Podemos,0.016470516100525856,0.001139307045377791,PP,0.0345584936439991,Ciudadanos,0.0016373152611777186,0.0113267432898283,0.00128195621073246
1451988795402895361,"üá™üá∏Lo mejor de cada casa y lo peor para Espa√±a.

Y el Ejecutivo en manos de toda estos estos traidores  y delincuentes.

‚¨áÔ∏è‚¨áÔ∏è‚¨áÔ∏èüá™üá∏

Unidas Podemos y los independentistas vascos y catalanes se unen para acelerar la libertad de los etarras
@elmundoes https://t.co/QpavKlYDbJ",,,Unidas Podemos,0.993032693862915,0.9979726672172546,Unidas Podemos,0.993032693862915,VOX,0.9980782270431519,0.9927629828453064,0.9979872703552246
1453987213914562561,"Me voy a preocupar, en nombre de Unidas Podemos, de dar una soluci√≥n a los militares que con 45 a√±os son expulsados de las Fuerzas Armadas con una mano atr√°s y otra delante y en una situaci√≥n familiar y personal muy complicada que un pa√≠s digno no se puede permitir. https://t.co/B25GMnZwYY",juan-antonio-delgado-ramos,podemos,Unidas Podemos,0.008380810730159283,0.001679828274063766,VOX,0.008726452477276325,Ciudadanos,0.002004482550546527,0.006878755986690521,0.0020288736559450626
1453632970867318786,"Pero no hay dinero para mejorar la vida de las familias y enfermos de ELA.

El Gobierno de PSOE y Unidas Podemos acumula ya m√°s de 1.200 asesores elegidos a dedo.  https://t.co/aQnns8Ne7f",maria-munoz-vidal,ciudadanos,Unidas Podemos,0.050715431571006775,0.0008107484900392592,PODEMOS,0.1476634442806244,Ciudadanos,0.0008608723292127252,0.052556656301021576,0.000820560147985816
1448966838243799042,Desde Unidas Podemos proponemos anular el Concordato con la Santa Sede y eliminar todos los privilegios de la Iglesia Cat√≥licaüëá https://t.co/spxeW78kLb,javier-sanchez-serna,podemos,Unidas Podemos,0.014216523617506027,0.0011381187941879034,VOX,0.018630215898156166,Partido popular,0.0013047053944319487,0.010288957506418228,0.001262665493413806
1451451227980640296,"El espacio confederal de Unidas Podemos solicita una reuni√≥n urgente de la mesa de seguimiento del acuerdo de coalici√≥n entre el PSOE y UP.

Necesitamos abordar la gesti√≥n y ejecuci√≥n de los compromisos de coalici√≥n.",ione-belarra-urteaga,unidas-podemos,Unidas Podemos,0.006788018625229597,0.0016573950415477157,Cs,0.01027840655297041,Partido popular,0.001866305130533874,0.004681547172367573,0.0023466621059924364
1453682977150574592,Unidas Podemos reclama a Renfe que el apeadero de Puerto Real se transforme en una estaci√≥n https://t.co/gbNBA8dIDs a trav√©s de @diariocadiz,juan-antonio-delgado-ramos,podemos,Unidas Podemos,0.00632287934422493,0.0014666573842987418,VOX,0.009052508510649204,Ciudadanos,0.0017565482994541526,0.009235385805368423,0.0011127081234008074
1452573146263949316,Nunca Unidas Podemos se ha puesto de perfil en lo que se refiere a Catalunya. Aqu√≠ doy unos cuantos ejemplos üëáüèª https://t.co/htNtQ2CfJZ,pablo-iglesias-turrion,,Unidas Podemos,0.053120337426662445,0.0007886742823757231,Vox,0.10441547632217407,PODEMOS,0.0013917932519689202,0.12574642896652222,0.0007232428761199117
1452963217035177984,"En Espa√±a la oposici√≥n al Gobierno y en particular la oposici√≥n a Unidas Podemos no viene solo de los esca√±os de la derecha y los ultras. Viene tambi√©n de sectores judiciales, medi√°ticos y econ√≥micos. Aqu√≠ lo explico üëáüèª https://t.co/q8LznpNXR0",pablo-iglesias-turrion,,Unidas Podemos,0.11451584100723267,0.0007505005924031138,Unidas Podemos,0.11451584100723267,Unidas Podemos,0.0007505005924031138,0.05516958609223366,0.0007481366046704352
1451865772846944257,"ü§î #PreguntaDelD√≠a

 ¬øEs l√≥gico que los ministros de Unidas Podemos est√©n mucho m√°s indignados por la inhabilitaci√≥n del aforado Alberto Rodr√≠guez (pateador de polic√≠as) 

que por el prohibitivo precio de la luz y de los combustibles?üí°‚õΩÔ∏è

#Batet #Supremo #PSOE",jose-angel-alonso-perez,partido-popular,Unidas Podemos,0.8465649485588074,0.0021634777076542377,VOX,0.8640740513801575,VOX,0.0023733400739729404,0.49842262268066406,0.0010135526536032557
1452722786900840448,"Hay quienes creen que hacer pol√≠tica es la charlataner√≠a de los argumentarios para justificar que no se cumplan las promesas electorales. En Unidas Podemos pensamos que la democracia se fortalece cuando se cumple el programa electoral. 

Spoiler: la reforma laboral ser√° derogada.",juan-antonio-delgado-ramos,podemos,Unidas Podemos,0.8562955856323242,0.0029212073422968388,PSOE,0.9294194579124451,PSOE,0.006083415821194649,0.8950322866439819,0.004550293553620577
1451841768606117888,"Unidas Podemos acusa al PNV de torpedear la reforma el√©ctrica por sus puertas giratorias

https://t.co/zFMfUTyHwN",juan-antonio-lopez-de-uralde-garmendia,podemos,Unidas Podemos,0.0256095789372921,0.0010232081403955817,PSOE,0.03099464811384678,PODEMOS,0.0011949012987315655,0.029916824772953987,0.0009240602375939488
1450114265935982595,Proponemos desde ‚Å¶@AlianzaVerde_‚Å© Unidas Podemos que Espa√±a impulse el 'ecocidio' como delito internacional.  https://t.co/mePtihBe3g,juan-antonio-lopez-de-uralde-garmendia,podemos,Unidas Podemos,0.014952464029192924,0.0009853644296526909,VOX,0.05650083348155022,PODEMOS,0.0010532992891967297,0.019744908437132835,0.0008622034220024943
1451569214544875531,"Desde Unidas Podemos valoramos positivamente los PGE en la provincia de Sevilla, con aumentos importantes en las pol√≠ticas sociales (pensiones, dependencia,IMV,vivienda,‚Ä¶) y en inversiones en la provincia. https://t.co/vDI5LBhXtB",miguel-angel-bustamante-martin,izquierda-unida,Unidas Podemos,0.004307080525904894,0.002344176871702075,Unidas Podemos,0.004307080525904894,Vox,0.0026388175319880247,0.003845008322969079,0.0026745242066681385
1452601200310882304,"Alberto Rodr√≠guez: castigo pol√≠tico
 - &gt; ‚ÄúLa dimensi√≥n pol√≠tica del caso debilita una vez m√°s la confianza en la justicia y abunda en la percepci√≥n de un castigo pol√≠tico a un diputado de Unidas Podemos.‚Äù 

Efectivamente,  as√≠ es.  https://t.co/EWRjO7zGbE",juan-antonio-lopez-de-uralde-garmendia,podemos,Unidas Podemos,0.9405883550643921,0.005554921925067902,Unidas Podemos,0.9405883550643921,PODEMOS,0.005816837307065725,0.8921067118644714,0.003674807259812951
1453635064835756033,"Unidas Podemos @AlianzaVerde_ pide al Ministerio de Transici√≥n Ecol√≥gica que ponga en marcha el registro de concesiones hidroel√©ctricas, porque ‚Äúla opacidad s√≥lo opera en favor del oligopolio‚Äù. @juralde https://t.co/B2BH9jEONG v√≠a @_Contrainfo",juan-antonio-lopez-de-uralde-garmendia,podemos,Unidas Podemos,0.009610441513359547,0.0010844499338418245,VOX,0.01757013238966465,PODEMOS,0.0011409525759518147,0.014331775717437267,0.0008886212017387152
1453682028646440970,"Ha sido un placer asistir a la Feria de la Agricultura de Regad√≠o del Valle del Guadalquivir de la mano del alcalde de Fuente Palmera, un alcalde de Unidas Podemos que est√° demostrando que all√° donde gobernamos hacemos pol√≠ticas que cambian a mejor la vida de la gente. https://t.co/PbvmeWtASo",martina-velarde-gomez,podemos,Unidas Podemos,0.0042127626948058605,0.002475908026099205,Unidas Podemos,0.0042127626948058605,Partido popular,0.003199820639565587,0.003482977394014597,0.002978447126224637
1452910593397121028,"El @PSOE y Unidas Podemos estamos de acuerdo en muchos aspectos de la nueva reforma laboral: 

‚úÖ Adaptar las pol√≠ticas activas de empleo.
‚úÖ El empleo juvenil y femenino.
‚úÖ El papel de los convenios colectivos.
‚úÖ Reducir la temporalidad.

üåπ @felipe_sicilia en @MasDeUno https://t.co/2Z9NvOOLFo",daniel-senderos-oraa,psoe,Unidas Podemos,0.004529440309852362,0.0022339511197060347,Unidas Podemos,0.004529440309852362,Ciudadanos,0.0025699585676193237,0.003921377472579479,0.002654186449944973
1452919810392793088,"El @PSOE y Unidas Podemos estamos de acuerdo en muchos aspectos de la nueva reforma laboral: 

‚úÖ Adaptar las pol√≠ticas activas de empleo.
‚úÖ El empleo juvenil y femenino.
‚úÖ El papel de los convenios colectivos.
‚úÖ Reducir la temporalidad.

üåπ @felipe_sicilia en @MasDeUno https://t.co/krdLIG9gMa",maria-merce-perea-i-conillas,psoe,Unidas Podemos,0.004493166226893663,0.0021986376959830523,Unidas Podemos,0.004493166226893663,Ciudadanos,0.002550567965954542,0.0038512235041707754,0.0026107621379196644
1451877461273325569,"Hoy hemos estado en el Zaid√≠n con la militancia difundiendo las medidas que se est√°n tomando, gracias a Unidas Podemos, para luchar contra la especulaci√≥n con la luz y la vivienda, en defensa de estos derechos b√°sicos de la ciudadan√≠a 

#ContigoAporM√°s https://t.co/bgbBD0MLuf",pedro-antonio-honrubia-hurtado,podemos,Unidas Podemos,0.012565161101520061,0.000957638316322118,Vox,0.013689174316823483,PSOE,0.0012590405531227589,0.006735865958034992,0.0014136334648355842
1449980044881940480,Un placer participar en la jornada de Unidas Podemos sobre la #LeyEstatalDeVivienda. Debatiremos sobre el papel de los poderes p√∫blicos en la garant√≠a de los derechos sociales y las experiencias m√°s avanzadas en pol√≠ticas de vivienda. ¬°Est√°is invitados! #Recuperaci√≥nInclusiva https://t.co/iVeUaGgNzI,hector-illueca-ballester,sin-partido,Unidas Podemos,0.004406089428812265,0.002197192283347249,Unidas Podemos,0.004406089428812265,Ciudadanos,0.0023710783571004868,0.004143232479691505,0.002309348899871111
1452989283376275457,"El @PSOE y Unidas Podemos estamos de acuerdo en muchos aspectos de la nueva reforma laboral: 

‚úÖ Adaptar las pol√≠ticas activas de empleo
‚úÖ El empleo juvenil y femenino
‚úÖ El papel de los convenios colectivos
‚úÖ Reducir la temporalidad.

üåπ @felipe_sicilia en ‚Å¶@MasDeUno‚Å© https://t.co/RYsZNIh12j",helena-caballero-gutierrez,psoe,Unidas Podemos,0.004391440190374851,0.0022442929912358522,Unidas Podemos,0.004391440190374851,Ciudadanos,0.0024930594954639673,0.003951814956963062,0.00254998542368412
